Sample,pH,pH.group,Sobs,Chao1,PD,Shan,Simp,robbins,berger_parker_d,heip_e,ace,menhinick,brillouin_d,gini_index,margalef,dominance,fisher_alpha,michaelis_menten_fit,mcintosh_d,doubles,pielou_e,singles,mcintosh_e,goods_coverage,enspie,simpson_e,lladser_pe,strong,q1
H041,7.96,g7,1105,1884.325123,67.20344818,8.727137262,0.993528593,0.125111111,0.041777778,0.382943738,2009.930752,16.47236743,5.724730726,0.920317693,131.2436948,0.006471407,467.6166881,1837.447273,0.933470295,202,0.863232784,563,0.106591707,0.874888889,154.5258917,0.139842436,0.109193922,0.499242836,1
H042,7.58,g7,1004,1667.107345,63.530336,8.590253726,0.993538864,0.107777778,0.031111111,0.38326116,1733.632002,14.96674833,5.652762549,0.929779406,119.2367988,0.006461136,401.1284103,1573.243311,0.933535129,176,0.861476829,485,0.103431663,0.892222222,154.7715495,0.15415493,0.171425413,0.507027003,1
H043,7.11,g7,1093,1898.196891,66.32865956,8.71579378,0.993988741,0.124,0.031333333,0.384112614,1985.939152,16.293482,5.719894204,0.921708446,129.8171329,0.006011259,459.4223168,1807.515939,0.93642712,192,0.863456182,558,0.102370598,0.876,166.3544953,0.152199904,0.325968384,0.498729084,1
H044,7.37,g7,1124,2061.309392,73.83214372,8.787146623,0.994337185,0.129555556,0.029555556,0.392491953,2043.229804,16.75560271,5.761577393,0.918107212,133.5024178,0.005662815,480.7584266,1876.814926,0.938742267,180,0.867059106,583,0.100271209,0.870444444,176.5906237,0.157109096,0.14462947,0.492728351,1
H045,7.48,g7,1137,1971.907767,71.12371302,8.783857298,0.994119111,0.130444444,0.034444444,0.387114775,2069.607929,16.94939527,5.757045371,0.917328963,135.0478598,0.005880889,489.869606,1886.879554,0.93728527,205,0.865317997,587,0.10257847,0.869555556,170.0423216,0.149553493,0.167116637,0.495872765,1
H046,7.9,g7,1052,1923.888889,64.5913961,8.626467286,0.993146272,0.118222222,0.042666667,0.375078697,1843.175982,15.68229008,5.667543581,0.925764494,124.9430464,0.006853728,432.031467,1697.855544,0.931092662,161,0.85930241,532,0.108009904,0.881777778,145.9059861,0.138693903,0.126336546,0.501391635,1
H047,7.95,g7,1055,1745.93956,65.89708423,8.560574505,0.989040889,0.111555556,0.082888889,0.357270628,1734.045971,15.72701144,5.618903818,0.923750268,125.2996868,0.010959111,434.0042328,1677.401124,0.908862753,181,0.852389849,502,0.136699093,0.888444444,91.24827642,0.086491257,0.072632704,0.489065824,1
H048,7.28,g7,1106,1813.273171,68.96075159,8.845611241,0.994748049,0.119777778,0.034222222,0.415419586,1900.488534,16.48727455,5.80303742,0.917626516,131.3625749,0.005251951,468.303229,1785.022864,0.94156569,204,0.874838547,539,0.096053288,0.880222222,190.4054461,0.172156823,0.078852248,0.484540486,1
H049,7.51,g7,1022,1585.529412,66.07634079,8.562349912,0.992353778,0.106666667,0.051777778,0.369273422,1690.466289,15.23507649,5.629288701,0.928177915,121.3766416,0.007646222,412.572319,1626.914711,0.926366781,203,0.856476562,480,0.113100162,0.893333333,130.7835387,0.127968237,0.149320044,0.504176125,1
H050,7.44,g7,1060,1785.483871,66.46272078,8.715920392,0.994206222,0.115555556,0.028,0.396116974,1844.825431,15.80154704,5.725791539,0.92368145,125.8940876,0.005793778,437.3031218,1699.979525,0.937863982,185,0.86726883,520,0.099538098,0.884444444,172.5989567,0.162829204,0.084430365,0.497484277,1
H051,7.31,g7,1123,1979.57732,69.58474832,8.763543033,0.994033185,0.128222222,0.032888889,0.386452405,2041.467968,16.74069559,5.745760164,0.918453186,133.3835376,0.005966815,480.061605,1878.58913,0.936718616,193,0.864839637,577,0.10289702,0.871777778,167.5936041,0.149237404,0.12206079,0.494797665,1
H052,7.83,g7,1080,1887,66.83941728,8.74971343,0.993859654,0.119555556,0.039555556,0.398010614,1917.073442,16.09968944,5.743953266,0.921193641,128.2716908,0.006140346,450.6364161,1730.582426,0.935586543,178,0.868301434,538,0.103070844,0.880444444,162.8572807,0.150793778,0.075382456,0.491518519,1
H053,7.51,g7,1138,2050.801047,70.72976191,8.761037439,0.993294321,0.131333333,0.047777778,0.380690822,2073.603831,16.96430239,5.740536524,0.916823071,135.16674,0.006705679,490.5745195,1876.591124,0.932005304,190,0.862962139,591,0.109568369,0.868666667,149.127329,0.131043347,0.150139369,0.489175942,1
H054,6.98,g7,1163,1868.705882,70.97523284,8.927140963,0.994760198,0.124222222,0.025333333,0.418059398,1947.545718,17.33698039,5.844981567,0.910559026,138.1387439,0.005239802,508.38741,1910.204965,0.941650822,220,0.876616319,559,0.097580041,0.875777778,190.846889,0.164098787,0.145329933,0.470614503,1
H055,7.62,g7,1033,1769.939227,67.1748767,8.553752018,0.992881679,0.114888889,0.041555556,0.363160819,1841.977402,15.39905481,5.623048737,0.928683721,122.6843234,0.007118321,419.6509452,1684.247703,0.929485814,180,0.854296692,517,0.109472132,0.885111111,140.4825663,0.13599474,0.067632965,0.511990535,1
H056,6.97,g7,1186,2092.230769,71.85475377,9.049286102,0.99535842,0.132222222,0.036888889,0.446239169,2117.379613,17.67984414,5.922807746,0.906828556,140.8729876,0.00464158,525.1021156,1935.448271,0.945972583,194,0.886152085,595,0.092478015,0.867777778,215.4438676,0.181655875,0.232595277,0.467291362,1
H057,7.88,g7,996,1793.041667,63.28317901,8.385014941,0.991481778,0.115111111,0.048,0.33497846,1857.210112,14.84749137,5.518243141,0.934449501,118.2857575,0.008518222,396.0972671,1635.285232,0.921441828,167,0.841868807,518,0.118489915,0.884888889,117.3953877,0.117866855,0.124119479,0.529590361,1
H058,7.27,g7,,,,,,,,,,,,,,,,,,,,,,,,,,,0
H059,7.32,g7,1168,2088.390625,73.0220783,8.935319837,0.994562173,0.132222222,0.040888889,0.418639693,2073.514417,17.41151598,5.850456039,0.910703261,138.7331447,0.005437827,511.9941924,1926.926001,0.94027517,191,0.876886524,595,0.09955592,0.867777778,183.8969814,0.157446046,0.147102298,0.474215373,1
H060,7.32,g7,1117,1728.804348,69.06448012,8.836127219,0.994510716,0.118,0.033777778,0.408623968,1879.282109,16.65125287,5.793968984,0.916563654,132.6702567,0.005489284,475.8927305,1821.29551,0.939921825,229,0.872668286,531,0.09851874,0.882,182.1731229,0.163091426,0.181677403,0.484066448,1
H061,6.97,g6.5,1066,1852.033898,65.63505746,8.747109748,0.994262321,0.117333333,0.037333333,0.402513896,1867.755637,15.89098976,5.745385509,0.922571967,126.6073686,0.005737679,441.2799095,1695.416937,0.938238972,176,0.869667622,528,0.099228014,0.882666667,174.2865012,0.16349578,0.09461873,0.491990828,1
H062,6.7,g6.5,1050,1822.933333,64.04526699,8.707264657,0.994499753,0.117333333,0.028666667,0.397495356,1904.569783,15.65247584,5.723250637,0.925423148,124.705286,0.005500247,430.7190199,1690.385616,0.939846759,179,0.867588086,528,0.096702905,0.882666667,181.8100198,0.1731524,0.142529798,0.504920635,1
H063,6.66,g6.5,1093,1870.765625,67.55987926,8.837016347,0.995090074,0.121555556,0.024888889,0.417862727,1955.807375,16.293482,5.800996579,0.919576895,129.8171329,0.004909926,459.4223168,1764.799116,0.94400148,191,0.875465458,547,0.092518798,0.878444444,203.6690604,0.186339488,0.127566384,0.492548948,1
H064,6.71,g6.5,1104,1858.041451,65.10858235,8.825587951,0.994436741,0.12,0.038444444,0.410424144,1888.880724,16.45746031,5.789745044,0.917898959,131.1248146,0.005563259,466.9307144,1782.272126,0.939416739,192,0.873083702,540,0.098800891,0.88,179.7507456,0.162817704,0.066551488,0.483371981,1
H065,6.83,g6.5,1006,1748.506024,62.40144575,8.592105443,0.993899556,0.110444444,0.032,0.382990986,1753.683021,14.99656257,5.65450617,0.930216994,119.4745591,0.006100444,402.3914691,1596.065735,0.935845418,165,0.861414509,497,0.100560681,0.889555556,163.9224829,0.162944814,0.107762203,0.508385244,1
H066,7.04,g6.5,1041,1662.938462,67.36915198,8.746181882,0.994625679,0.109555556,0.030888889,0.411924079,1755.358377,15.51831176,5.74936079,0.924171316,123.6353646,0.005374321,424.8399462,1628.124942,0.940713569,194,0.872545513,493,0.095340923,0.890444444,186.0700175,0.178741611,0.084564893,0.492951649,1
H067,6.5,g6.5,1086,1818.014706,70.28583943,8.796103888,0.994986568,0.121555556,0.02,0.408774014,1969.444946,16.18913216,5.775739975,0.921356215,128.9849717,0.005013432,454.6796982,1767.555105,0.943255631,203,0.872213289,547,0.093297321,0.878444444,199.4641556,0.183668652,0.130159859,0.5011062,1
H068,6.75,g6.5,1045,1763.828877,66.19196269,8.644252958,0.99397758,0.115333333,0.029111111,0.382289294,1830.50252,15.57794024,5.681645525,0.926604105,124.1108853,0.00602242,427.4474346,1695.132604,0.936354092,186,0.861901027,519,0.101042786,0.884666667,166.0462141,0.158895899,0.119148989,0.506181818,1
H069,6.45,g6.5,1131,1929.313433,69.62514724,8.90491353,0.995191309,0.126,0.023555556,0.423312088,2016.933014,16.85995255,5.838392251,0.915054377,134.3345789,0.004808691,485.652307,1844.565884,0.944738603,200,0.877903688,567,0.092592212,0.874,207.9567861,0.183869837,0.082912664,0.483500147,1
H070,6.45,g6.5,1114,1852.315271,69.82489302,8.886399134,0.995367704,0.121777778,0.017555556,0.42428613,1938.035224,16.60653151,5.82939817,0.916763423,132.3136162,0.004632296,473.8160237,1809.109335,0.946041783,202,0.87796964,548,0.090422064,0.878222222,215.8756556,0.193784251,0.123090056,0.48393457,1
H071,7.07,g6.5,1053,1921.8,67.79900511,8.62792599,0.993685531,0.120888889,0.032,0.375102192,1943.445723,15.6971972,5.669558968,0.926517633,125.0619265,0.006314469,432.6885092,1720.988302,0.934466571,169,0.859330381,544,0.103703751,0.879111111,158.3664404,0.15039548,0.102852087,0.508328585,1
H072,7.07,g6.5,1070,1925.502762,68.51334141,8.593359714,0.99306884,0.123777778,0.040222222,0.36037567,1995.902417,15.95061824,5.643091362,0.925873934,127.0828892,0.00693116,443.9421228,1788.993173,0.930619261,180,0.853922523,557,0.109188036,0.876222222,144.2759839,0.134837368,0.081366033,0.512926272,1
H073,7.13,g6.5,965,1657.875,62.20418006,8.34003243,0.991505086,0.107333333,0.043111111,0.335104743,1750.753894,14.38537066,5.493957902,0.937086515,114.6004726,0.008494914,376.9174204,1564.543594,0.9215701,167,0.84120521,483,0.117290543,0.892666667,117.7175012,0.121987048,0.215601377,0.534355786,1
H074,6.87,g6.5,1023,1789.704545,64.32555023,8.569475096,0.99343437,0.115555556,0.028888889,0.370743432,1880.404491,15.24998361,5.636369925,0.929643142,121.4955218,0.00656563,413.2131503,1656.712112,0.93287795,175,0.857068319,520,0.104834151,0.884444444,152.3083172,0.148883985,0.089209708,0.514984686,1
H075,7.2,g6.5,1147,2057.005291,69.80245079,8.900265993,0.994792,0.130444444,0.036222222,0.416056699,2084.559966,17.09846647,5.83214968,0.913863307,136.2366614,0.005208,496.9449493,1892.191978,0.941874157,188,0.875695865,587,0.096819497,0.869555556,192.0122888,0.167403914,0.191516731,0.483218832,1
H076,7.12,g6.5,1085,1851.93299,67.15639185,8.67206937,0.993611654,0.121333333,0.036888889,0.375368397,1933.01986,16.17422504,5.692019949,0.922930797,128.8660916,0.006388346,454.0044219,1801.737189,0.933996064,193,0.860027485,546,0.105285529,0.878666667,156.5350484,0.144271934,0.238343273,0.502728111,1
H077,7.4,g6.5,1101,1948.578125,72.22139508,8.721464201,0.993839704,0.126888889,0.038444444,0.382824348,2074.097907,16.41273895,5.722472553,0.921238034,130.7681741,0.006160296,464.876192,1832.434765,0.935457421,191,0.86311831,571,0.103875645,0.873111111,162.3298543,0.14743856,0.1489715,0.501921889,1
H078,6.54,g6.5,1120,1907.655556,72.10357561,9.000504288,0.995749037,0.118444444,0.019111111,0.456817693,1860.718477,16.69597423,5.902240891,0.912189313,133.0268971,0.004250963,477.9745871,1739.114431,0.948946652,179,0.888562821,533,0.086774026,0.881555556,235.2408169,0.210036444,0.166022426,0.459285714,1
H079,6.54,g6.5,1159,1917.963964,69.24912523,8.917156257,0.995168988,0.129111111,0.020888889,0.41660421,2059.595313,17.27735191,5.841265199,0.912784077,137.6632233,0.004831012,505.5126497,1937.580808,0.944575415,221,0.876063451,581,0.093584221,0.870888889,206.9959521,0.178598751,0.109668982,0.48464941,1
H080,7.05,g6.5,1062,1784.389535,66.71601846,8.865006345,0.99529116,0.110888889,0.022444444,0.438515556,1778.262191,15.83136128,5.823744483,0.919725843,126.1318479,0.00470884,438.6265176,1630.391607,0.945473299,171,0.881864843,499,0.089787898,0.889111111,212.3665499,0.199968503,0.06647635,0.475826742,1
H081,6.75,g6,1027,1780.59322,64.79116861,8.57077874,0.993145185,0.114888889,0.030888889,0.369632775,1855.416489,15.30961209,5.635690847,0.928828727,121.9710424,0.006854815,415.7818283,1656.094808,0.931086002,176,0.8567163,517,0.107241308,0.885111111,145.8828615,0.142047577,0.103361725,0.509892459,1
H082,6.8,g6,,,,,,,,,,,,,,,,,,,,,,,,,,,0
H083,6.25,g6,1149,1978.223301,71.72523959,8.930982707,0.995385877,0.13,0.020222222,0.424288332,2083.615974,17.12828071,5.852828261,0.913568925,136.4744217,0.004614123,498.3670285,1899.372209,0.946177441,205,0.87850083,585,0.091186579,0.87,216.7258872,0.188621312,0.147470143,0.484364955,1
H084,6.36,g6,1062,1731.789474,66.04673914,8.812526334,0.995063802,0.112222222,0.021555556,0.422816927,1789.576779,15.83136128,5.789554679,0.921481339,126.1318479,0.004936198,438.6265176,1666.913919,0.943811432,189,0.876644285,505,0.091929971,0.887777778,202.5850857,0.190758084,0.07806262,0.486768362,1
H085,6.41,g6,1068,1858.747253,68.30221678,8.829752544,0.995375407,0.119333333,0.019555556,0.425500845,1943.084822,15.920804,5.801725567,0.921962634,126.8451289,0.004624593,442.6099119,1695.14515,0.946099258,181,0.877648286,537,0.089136544,0.880666667,216.235264,0.202467476,0.130384077,0.49580025,1
H086,6.75,g6,1071,1762.122449,66.91278733,8.848798178,0.995389926,0.115777778,0.021333333,0.429958878,1877.819136,15.96552536,5.812984282,0.920814586,127.2017694,0.004610074,444.6090574,1689.301325,0.946207705,195,0.879187714,521,0.089074337,0.884222222,216.9162543,0.202536185,0.11585878,0.491208217,1
H087,5.92,g6,1055,1729.505495,64.58245381,8.887359077,0.995378469,0.110222222,0.028666667,0.448335338,1793.925705,15.72701144,5.840376368,0.919933239,125.2996868,0.004621531,434.0042328,1607.740857,0.946122114,181,0.884928302,496,0.088770956,0.889777778,216.3785182,0.205098121,0.147688192,0.479441811,1
H088,6.46,g6,1060,1708.715789,68.10259442,8.828331812,0.995243753,0.110444444,0.024444444,0.428292294,1743.320303,15.80154704,5.800523021,0.921335819,125.8940876,0.004756247,437.3031218,1656.081834,0.945123521,189,0.878454214,497,0.09018631,0.889555556,210.2498079,0.198348875,0.202673411,0.485056604,1
H089,6.06,g6,995,1610.489247,62.55467498,8.712238666,0.995051556,0.106444444,0.019333333,0.420941819,1768.332017,14.83258425,5.737393637,0.928950336,118.1668773,0.004948444,395.4707411,1522.078205,0.943723011,185,0.874849882,479,0.090285372,0.893555556,202.0837076,0.203099204,0.073277012,0.505763261,1
H090,6.7,g6,994,1457.802817,63.22265907,8.639153704,0.994272198,0.098888889,0.024444444,0.400501829,1600.368215,14.81767713,5.686836185,0.929256203,118.0479972,0.005727802,394.8447399,1533.990822,0.938305181,212,0.867637357,445,0.097107603,0.901111111,174.5870262,0.175640871,0.112180336,0.501342276,1
H091,7.5,g6,1088,1866.714286,67.17883572,8.731747454,0.994181432,0.122888889,0.026222222,0.390180521,2011.233939,16.2189464,5.731693823,0.921903672,129.2227321,0.005818568,456.0319293,1787.731788,0.937698851,195,0.865603927,553,0.100568973,0.877111111,171.8635955,0.157962863,0.068370635,0.501893791,1
H092,6.3,g6,1070,1802.977143,68.41823782,8.879354538,0.995196148,0.112666667,0.03,0.439593394,1795.264208,15.95061824,5.831942501,0.919026696,127.0828892,0.004803852,443.9421228,1648.580792,0.944774035,174,0.882341841,507,0.090900627,0.887333333,208.1662863,0.194547931,0.092027368,0.477144341,1
H093,6.2,g6,185,423.0967742,21.19533276,3.757140401,0.873642568,0.027111111,0.244222222,0.068049445,485.490688,2.757817172,2.551535063,0.996835669,21.87394913,0.126357432,38.86220269,382.3688078,0.654285608,30,0.498864706,122,0.370620407,0.972888889,7.914057633,0.04277869,0.03094518,0.860918919,1
H094,6.28,g6,1041,1680.576923,69.03300378,8.67987761,0.99319042,0.107333333,0.040666667,0.39337787,1679.675989,15.51831176,5.703098434,0.923959121,123.6353646,0.00680958,424.8399462,1621.941311,0.931363771,181,0.865930798,483,0.107319273,0.892666667,146.8519297,0.141068136,0.097220985,0.487002241,1
H095,7.24,g6,1063,1794.183246,67.5748582,8.653234503,0.993119309,0.117555556,0.043333333,0.378162609,1901.160502,15.8462684,5.683033012,0.924347088,126.2507281,0.006880691,439.2890399,1725.315741,0.930927515,190,0.860682146,529,0.108568333,0.882444444,145.3342329,0.136720821,0.072122671,0.503171736,1
H096,6.37,g6,1031,1634.373134,64.57812751,8.708053723,0.994611753,0.109555556,0.023777778,0.405049802,1756.800192,15.36924057,5.726850628,0.926305781,122.446563,0.005388247,418.359089,1633.575869,0.940617214,200,0.869950331,493,0.095189317,0.890444444,185.5891194,0.180008845,0.052077963,0.503791357,1
H097,6.24,g6,1169,1937.980488,74.08241942,9.075380144,0.995974123,0.124888889,0.018888889,0.461012824,1981.159585,17.4264231,5.942947065,0.907228864,138.8520249,0.004025877,512.717331,1867.435855,0.950722742,204,0.890523738,562,0.085686993,0.875111111,248.3931112,0.212483414,0.136186299,0.460658302,1
H098,6.41,g6,1121,2047.513514,70.48180172,8.855061779,0.995122864,0.130222222,0.022222222,0.41255542,2130.151305,16.71088135,5.808589074,0.917843682,133.1457773,0.004877136,478.6696857,1849.690096,0.944239397,184,0.874093095,586,0.092973023,0.869777778,205.0383751,0.182906668,0.084390946,0.496454554,1
H099,6.92,g6,1101,1974.491892,71.45183912,8.808518984,0.994833284,0.126444444,0.024,0.406692384,2055.859721,16.41273895,5.781091167,0.919988687,130.7681741,0.005166716,464.876192,1804.107764,0.942165096,184,0.871733673,569,0.095130599,0.873555556,193.5465372,0.175791587,0.113884656,0.497786255,1
H100,6.12,g6,1064,1708.112903,68.34699931,8.858544895,0.995034173,0.108888889,0.026888889,0.435730383,1709.174618,15.86117552,5.81850278,0.919348502,126.3696083,0.004965827,439.9521124,1633.054606,0.943597699,185,0.880984194,490,0.092259106,0.891111111,201.3763201,0.189263459,0.086278389,0.47402005,1
H101,5.52,g5.5,891,1360.2375,58.94700079,8.429479476,0.992335605,0.086222222,0.054666667,0.386255485,1385.661455,13.28224379,5.566372261,0.938813901,105.8033409,0.007664395,333.1137158,1298.883154,0.926261358,159,0.860214024,388,0.109126298,0.913777778,130.4734414,0.146434839,0.079276252,0.508170595,1
H102,5.77,g5.5,974,1628.677419,63.4535463,8.651904834,0.993912889,0.100222222,0.042444444,0.412371834,1631.734305,14.51953473,5.699116393,0.930006856,115.670394,0.006087111,382.4343833,1454.839364,0.935932112,154,0.871484522,451,0.099539553,0.899777778,164.2815421,0.168666881,0.072407788,0.497060917,1
H103,5.37,g5.5,843,1397.189394,57.39500413,8.225493223,0.989140346,0.085111111,0.078444444,0.354286562,1373.134283,12.56670203,5.439233668,0.944642413,100.0970933,0.010859654,306.1459114,1217.168063,0.909346066,131,0.846297373,383,0.128192657,0.914888889,92.08396238,0.109233645,0.221842426,0.52189482,1
H104,5.63,g5.5,1038,1728.927273,67.10477974,8.870454863,0.995297481,0.106222222,0.029555556,0.450365711,1691.326042,15.4735904,5.831805127,0.9209997,123.2787241,0.004702519,422.8900187,1552.820068,0.945520069,164,0.885311097,478,0.089105909,0.893777778,212.6520068,0.204867059,0.169135546,0.474936416,1
H105,5.72,g5.5,967,1586.639241,62.35811112,8.712104334,0.995004148,0.098444444,0.022444444,0.433102606,1595.766499,14.41518489,5.741178274,0.929605005,114.8382329,0.004995852,378.1398024,1421.106745,0.943381765,157,0.87846904,443,0.089998226,0.901555556,200.1660637,0.206996963,0.077982382,0.492646214,1
H106,5.47,g5.5,850,1303.124138,55.71003047,8.415197973,0.993380049,0.080666667,0.037111111,0.400908484,1332.970622,12.67105187,5.565649335,0.94178232,100.9292544,0.006619951,310.0095105,1206.941842,0.932538382,144,0.864754094,363,0.100279977,0.919333333,151.0585287,0.177715916,0.094068162,0.511267974,1
H107,5.11,g5.5,900,1448.1,59.47351066,8.395238519,0.991448099,0.090222222,0.062,0.373393776,1451.401229,13.41640786,5.541593179,0.938770707,106.8732623,0.008551901,338.2951142,1324.493029,0.921256795,149,0.855454015,406,0.115559506,0.909777778,116.9330623,0.129925625,0.161772823,0.511333333,1
H108,5.54,g5.5,885,1361,62.8770236,8.396047604,0.992238025,0.087111111,0.051333333,0.379943296,1394.836245,13.19280107,5.545608835,0.93997489,105.0900599,0.007761975,329.6815533,1293.128781,0.925697409,160,0.857655524,392,0.109636595,0.912888889,128.8331849,0.14557422,0.066182343,0.512391714,1
H109,5.13,g5.5,1038,1750.654054,63.77729228,8.510644469,0.987355556,0.114222222,0.096888889,0.350742274,1805.744412,15.4735904,5.590426615,0.926922484,123.2787241,0.012644444,422.8900187,1667.32056,0.900983551,184,0.84940041,514,0.146113762,0.885777778,79.08611599,0.076190863,0.134083434,0.504507386,1
H110,5.14,g5.5,934,1514.890244,59.73537601,8.423391187,0.991027951,0.097111111,0.068222222,0.366897643,1568.698424,13.92324994,5.554128619,0.936511291,110.9151877,0.008972049,358.231974,1413.765994,0.918978419,163,0.853669123,437,0.119492132,0.902888889,111.4572555,0.11933325,0.124745297,0.51382679,1
H111,5.55,g5.5,948,1569.019737,63.97765788,8.616305371,0.993473778,0.096666667,0.050222222,0.41334083,1561.281714,14.13194962,5.680267066,0.932057848,112.5795099,0.006526222,366.6099797,1392.802964,0.933125172,151,0.871324612,435,0.102313265,0.903333333,153.2280033,0.161632915,0.06181269,0.496323488,1
H112,5.22,g5.5,796,1333.39823,52.55798656,8.217517734,0.992166519,0.077555556,0.037555556,0.373156242,1248.060198,11.8660674,5.444451761,0.948119895,94.50972584,0.007833481,280.8055361,1119.35212,0.925286398,112,0.852738179,349,0.107495216,0.922444444,127.6571601,0.160373317,0.073990684,0.52411502,1
H113,5.44,g5.5,883,1415.194444,59.75399728,8.436957659,0.992499654,0.087111111,0.054222222,0.391790381,1406.315556,13.16298683,5.573171118,0.939202468,104.8522996,0.007500346,328.541415,1277.624273,0.927217608,143,0.86212193,392,0.107713456,0.912888889,133.3271882,0.150993418,0.091334529,0.507081163,1
H114,5.25,g5.5,838,1334.478873,56.42765492,8.279907696,0.991602074,0.083555556,0.058888889,0.370148153,1366.02797,12.49216643,5.477947525,0.944944166,99.50269249,0.008397926,303.4005156,1207.958755,0.922105743,141,0.852648825,376,0.112576585,0.916444444,119.0770208,0.142096684,0.121566977,0.523918324,1
H115,5.28,g5.5,890,1411.833333,57.49247051,8.384918661,0.991641185,0.089777778,0.060222222,0.374894554,1479.907674,13.26733667,5.537586772,0.940045764,105.6844607,0.008358815,332.5404632,1309.649811,0.92232262,155,0.855808158,404,0.113931174,0.910222222,119.6341852,0.134420433,0.130403931,0.522384519,1
H116,5.47,g5.5,789,1204.007463,55.47437578,8.201089317,0.99176,0.074222222,0.051555556,0.372194035,1210.244578,11.76171756,5.434819568,0.948751168,93.67756473,0.00824,277.1199306,1112.309405,0.922984596,133,0.852160256,334,0.110041305,0.925777778,121.3592233,0.153813971,0.075030586,0.52773891,1
H117,5.67,g5.5,929,1399.947674,60.85266686,8.558919003,0.992444444,0.089555556,0.058222222,0.405312752,1459.255831,13.84871434,5.644321681,0.933372242,110.3207869,0.007555556,355.2638305,1346.537957,0.926894631,171,0.868085482,403,0.109501098,0.910444444,132.3529412,0.142468182,0.044871359,0.493581868,1
H118,5.32,g5.5,870,1274.111842,57.10445237,8.545747178,0.994064296,0.078,0.031333333,0.428886882,1303.268994,12.96919427,5.647297866,0.937139992,103.3068576,0.005935704,321.1780409,1212.839597,0.93692331,151,0.875152028,351,0.095479043,0.922,168.4720212,0.193646001,0.066212743,0.489632184,1
H119,5.05,g5.5,767,1135.492958,51.52254616,7.944113165,0.985420148,0.072,0.096222222,0.320199406,1169.297213,11.43376092,5.265068146,0.952512577,91.06220125,0.014579852,265.6839271,1093.216303,0.892558418,141,0.828972613,324,0.145513346,0.928,68.58780255,0.089423471,0.07329834,0.5428773,1
H120,5.61,g5.5,903,1307.550562,57.34525948,8.527303773,0.993415901,0.084444444,0.045555556,0.407933143,1386.664956,13.46112922,5.629090779,0.936176715,107.2299028,0.006584099,340.0311208,1303.439089,0.93276234,177,0.868486266,380,0.10148092,0.915555556,151.8810752,0.168196097,0.092055769,0.500349206,1
H121,4.93,g5,1007,1810.908537,67.4059082,8.373832849,0.987002469,0.114222222,0.092444444,0.328749952,1830.570094,15.01146969,5.505862331,0.931974118,119.5934392,0.012997531,403.0237914,1635.370328,0.899400761,163,0.839410632,514,0.146825723,0.885777778,76.93768997,0.07640287,0.10089164,0.520209644,1
H122,5.1,g5,859,1373.539474,57.61639231,8.306372912,0.991342914,0.088,0.062222222,0.367795203,1428.7585,12.80521595,5.491670423,0.943406179,101.9991758,0.008657086,315.0115007,1250.555252,0.92068124,151,0.852240364,396,0.114959377,0.912,115.5123042,0.134472997,0.124074835,0.522994438,1
H123,4.7,g5,693,1092.125,48.6428814,7.466461768,0.973997235,0.068888889,0.140666667,0.254132555,1118.300066,10.33063406,4.958442944,0.961706732,82.26506954,0.026002765,228.8294878,999.7247395,0.85143877,119,0.791214369,310,0.190552645,0.931111111,38.45744802,0.055494153,0.079298508,0.578499278,1
H124,4.76,g5,864,1509.042553,59.79744924,8.147463857,0.988447506,0.094888889,0.080444444,0.327405431,1536.359189,12.87975155,5.384751444,0.945853794,102.5935766,0.011552494,317.8072279,1320.6381,0.906023676,140,0.835218638,427,0.132982018,0.905111111,86.56139661,0.100186802,0.106416037,0.543453704,1
H125,4.96,g5,682,1070.441176,47.64173037,7.836501635,0.985571654,0.062666667,0.096222222,0.334172521,1043.848382,10.16665574,5.210837435,0.958275357,80.9573878,0.014428346,223.5596791,922.4292716,0.893196945,101,0.832463498,282,0.141534067,0.937333333,69.30801509,0.101624656,0.053725738,0.54467579,1
H126,5.17,g5,722,1116.714286,49.14067461,7.798715743,0.982985383,0.068222222,0.102888889,0.30743779,1136.294356,10.76294053,5.17595523,0.956251361,85.71259413,0.017014617,242.9795448,1007.008572,0.882718703,118,0.82127578,307,0.155322993,0.931777778,58.77299403,0.081403039,0.077800104,0.545768544,1
H127,4.62,g5,667,980.3278689,47.84592534,7.63386313,0.981658765,0.061555556,0.104666667,0.296725908,1049.98399,9.94304894,5.076899562,0.961126366,79.17418542,0.018341235,216.4592579,914.1742558,0.877653471,121,0.813710833,277,0.15895158,0.938444444,54.52195687,0.081742064,0.057278765,0.558048642,1
H128,4.68,g5,657,977.4090909,47.84432645,7.777369472,0.986782815,0.059111111,0.080666667,0.332915182,1006.807295,9.793977741,5.176784048,0.960516776,77.98538384,0.013217185,211.7802882,883.962208,0.898426941,109,0.830937775,266,0.134582621,0.940888889,75.65907461,0.115158409,0.085531576,0.547878234,1
H129,4.83,g5,719,1074.952381,48.86657502,7.956633394,0.987921185,0.066666667,0.082,0.344595111,1112.660976,10.71821917,5.284650295,0.955374127,85.35595365,0.012078815,241.4983725,993.2586395,0.903565904,125,0.83843634,300,0.130765221,0.933333333,82.78957955,0.115145451,0.066934018,0.543557101,1
H130,4.8,g5,607,877.8666667,43.8660331,7.634674084,0.986578173,0.053111111,0.079111111,0.326288997,900.7742433,9.048621749,5.091931159,0.964847667,72.04137592,0.013421827,189.0346368,805.5817582,0.897526932,104,0.825767191,239,0.133879385,0.946888889,74.50550421,0.122743829,0.056121428,0.559861981,1
H131,4.75,g5,689,1089.811321,48.94039074,7.634112537,0.977473975,0.064888889,0.131555556,0.287287491,1080.316945,10.27100558,5.07124786,0.959423919,81.7895489,0.022526025,226.9070227,952.8659365,0.862774763,105,0.809696744,292,0.177170585,0.935111111,44.39309704,0.0644312,0.038943939,0.553279149,1
H132,4.78,g5,654,1078.53125,47.26523607,7.466303287,0.975907654,0.063555556,0.130666667,0.269280706,1046.914387,9.749256382,4.965907955,0.96319904,77.62874336,0.024092346,210.385089,900.3937385,0.857566758,95,0.798266447,286,0.181560048,0.936444444,41.50695882,0.063466298,0.044498425,0.563054027,1
H133,4.78,g5,976,1681.130435,62.66379665,8.480278256,0.989756148,0.106,0.077555556,0.365254617,1749.573657,14.54934897,5.583417182,0.932329605,115.9081543,0.010243852,383.6660586,1500.944827,0.912389179,160,0.853942458,477,0.129201632,0.894,97.61952969,0.10002001,0.243319534,0.51229326,1
H134,5.1,g5,880,1520.542857,57.32961184,8.104362054,0.986091358,0.094222222,0.082666667,0.311950903,1523.94481,13.11826547,5.350278431,0.944139692,104.4956591,0.013908642,326.8348707,1344.868569,0.895413125,139,0.828551683,424,0.146558765,0.905777778,71.89774543,0.081701983,0.08075005,0.53719697,1
H135,5,g5,835,1468.801527,55.96418402,8.062435355,0.986917827,0.090666667,0.087111111,0.319331067,1488.843725,12.44744507,5.332833656,0.94826353,99.14605201,0.013082173,301.7589915,1249.035961,0.89902454,130,0.830696552,408,0.140393344,0.909333333,76.43990125,0.091544792,0.060267113,0.545765802,1
H136,4.92,g5,802,1266.142857,53.34453628,8.12739489,0.990793778,0.080222222,0.06,0.347857415,1319.632427,11.95551012,5.383786363,0.949758409,95.22300679,0.009206222,283.9827505,1165.604757,0.917731676,139,0.842438965,361,0.116722935,0.919777778,108.6221879,0.135439137,0.082661941,0.541844278,1
H137,4.95,g5,688,983.0403226,50.00229042,7.992176238,0.990652049,0.060222222,0.058888889,0.369163704,1026.522498,10.25609846,5.315494267,0.956715945,81.67066874,0.009347951,226.4275093,926.3477662,0.916984802,123,0.847862483,271,0.114102104,0.939777778,106.9753191,0.155487382,0.046759308,0.538799742,1
H138,4.74,g5,607,1066.886364,46.29710909,7.040826945,0.966304198,0.063333333,0.137333333,0.215633701,1073.956702,9.048621749,4.688607644,0.969441059,72.04137592,0.033695802,189.0346368,854.7226914,0.828790718,87,0.761536619,285,0.212126922,0.936666667,29.67728698,0.048891741,0.037824363,0.596282995,1
H139,4.57,g5,619,982.1165049,45.4958953,7.21994304,0.972303407,0.060888889,0.117333333,0.239611672,1025.385664,9.227507187,4.807236622,0.967402408,73.46793782,0.027696593,194.3955178,861.7544863,0.846191343,102,0.778531612,274,0.192912891,0.939111111,36.10552441,0.058328795,0.055051664,0.584943098,1
H140,4.77,g5,659,1016.825243,45.65099503,7.619127092,0.981119506,0.060444444,0.104888889,0.297266008,1002.2623,9.823791981,5.068152144,0.961413892,78.22314415,0.018880494,212.7125961,895.2492916,0.875647066,102,0.813649886,272,0.160935609,0.939555556,52.96471634,0.080371345,0.05242783,0.554998145,1
H141,4.4,g4.5,538,910.9428571,43.30536667,6.855279146,0.961802074,0.050888889,0.128666667,0.213748531,849.7699123,8.020030479,4.575381087,0.972738655,63.838645,0.038197926,159.3954776,709.5052432,0.816732228,69,0.755697248,229,0.221922281,0.949111111,26.17943189,0.048660654,0.032407046,0.582408922,1
H142,4.29,g4.5,498,855.5,38.5656666,6.430609805,0.949775309,0.049111111,0.173777778,0.171548092,824.9929015,7.423745685,4.296508188,0.977743412,59.08343867,0.050224691,143.1279324,675.0821101,0.787632675,67,0.717701832,221,0.251929385,0.950888889,19.91052554,0.039980975,0.046631854,0.616921017,1
H143,4.16,g4.5,499,807.345679,39.39120963,6.394703716,0.951175111,0.049777778,0.148888889,0.166945894,843.447293,7.438652805,4.272729435,0.978317779,59.20231883,0.048824889,143.5265097,687.6600678,0.790825382,80,0.713464009,224,0.248455897,0.950222222,20.48135741,0.041044804,0.043645432,0.625695391,1
H144,4.26,g4.5,504,897.75,38.17077527,6.359578976,0.941343802,0.05,0.191555556,0.161263002,818.5084157,7.513188404,4.2456106,0.977345846,59.79671962,0.058656198,145.5256239,681.9660716,0.769277293,63,0.708408229,225,0.272664427,0.95,17.04849687,0.033826383,0.054242446,0.615539683,1
H145,4.21,g4.5,987,1931.3125,65.21370858,8.114244209,0.981990914,0.116,0.097777778,0.280016643,1863.264495,14.71332729,5.333943454,0.93588439,117.2158361,0.018009086,390.4773963,1616.838795,0.87890399,143,0.815755571,522,0.171845933,0.884,55.5275252,0.056258891,0.107256556,0.527674434,1
H146,4.29,g4.5,705,1212.378151,49.88764714,7.19878424,0.966374716,0.077333333,0.124666667,0.207257864,1321.651267,10.50951949,4.773839141,0.962839354,83.69163144,0.033625284,234.6393437,1052.819737,0.828985808,118,0.76085186,348,0.217374543,0.922666667,29.73952581,0.042183725,0.105763853,0.585825059,1
H147,4.3,g4.5,670,1410.560976,51.16465387,7.035552703,0.963033086,0.077555556,0.157777778,0.194609155,1303.047907,9.987770299,4.671787597,0.96656194,79.5308259,0.036966914,217.871459,1001.156021,0.819955355,81,0.74941838,349,0.225838021,0.922444444,27.05121697,0.040374951,0.084127579,0.597532338,1
H148,4.12,g4.5,588,1114.024096,44.37574425,6.813664091,0.964628148,0.065777778,0.149333333,0.189933337,1110.932159,8.765386472,4.54080561,0.973089257,69.78265292,0.035371852,180.6722156,857.8966445,0.824212576,82,0.74064204,296,0.216283426,0.934222222,28.27106718,0.048080046,0.058808859,0.621931973,1
H149,4.21,g4.5,696,1231.508475,51.36295016,7.184854444,0.971231309,0.079111111,0.133555556,0.207910636,1340.422474,10.37535542,4.769324916,0.965110597,82.62171001,0.028768691,230.2759746,1076.358516,0.842952638,117,0.760870215,356,0.200589171,0.920888889,34.76001002,0.049942543,0.096609111,0.603896552,1
H150,4.04,g4.5,517,906.0625,40.05863275,6.480703487,0.959154963,0.055555556,0.148222222,0.171137853,941.209136,7.706980962,4.329977149,0.978215023,61.34216168,0.040845037,150.7719336,742.9149485,0.80997281,79,0.718958151,250,0.228273644,0.944444444,24.48277863,0.047355471,0.071483104,0.642018483,1
H151,3.86,g4.5,445,797.6315789,35.31606963,6.156565677,0.947886123,0.044666667,0.177111111,0.158415223,734.230558,6.633668333,4.123155488,0.981877448,52.78279028,0.052113877,122.5955911,601.7547008,0.783393502,56,0.699795697,201,0.25327096,0.955333333,19.18874715,0.04312078,0.07156659,0.640476904,1
H152,4.17,g4.5,488,781.7297297,38.19005839,6.770378221,0.969052938,0.046444444,0.126444444,0.222106533,787.9745165,7.274674487,4.532341614,0.977073746,57.89463709,0.030947062,139.1649681,646.9057705,0.836552823,73,0.75809846,209,0.197263393,0.953555556,32.3132454,0.066215667,0.052007274,0.609522769,1
H153,4.09,g4.5,454,709.5633803,36.55943084,6.271475896,0.946960593,0.042444444,0.188444444,0.168323817,719.6391048,6.767832412,4.198473561,0.98057531,53.85271171,0.053039407,126.000415,606.5116457,0.781344739,70,0.710524154,191,0.256078216,0.957555556,18.85390597,0.041528427,0.057713904,0.62884092,1
H154,4.23,g4.5,,,,,,,,,,,,,,,,,,,,,,,,,,,0
H155,4.42,g4.5,584,992,43.56197335,6.940536551,0.962208296,0.056888889,0.129555556,0.208973381,940.3836379,8.705757992,4.623289048,0.970252218,69.30713228,0.037791704,178.9312541,797.8500085,0.81779001,79,0.755241464,256,0.223330957,0.943111111,26.46083405,0.045309647,0.066928642,0.587003044,1
H156,4.29,g4.5,526,908.4,41.82628659,6.38401978,0.943066963,0.053333333,0.168,0.157177641,889.8042992,7.841145041,4.257915819,0.976513948,62.4120831,0.056933037,154.4452049,733.5257285,0.772915496,74,0.706281336,240,0.27011602,0.946666667,17.56449422,0.033392575,0.044487146,0.622279679,1
H157,4.28,g4.5,793,1435.880952,54.54386685,7.320789788,0.965399407,0.089555556,0.124888889,0.200598242,1491.016627,11.82134604,4.836881982,0.956356944,94.15308537,0.034600593,279.2232071,1249.891304,0.82630549,125,0.760113717,403,0.225736636,0.910444444,28.90123911,0.036445447,0.053902989,0.575666807,1
H158,4.14,g4.5,690,1318.278846,50.16990213,6.62650409,0.941085136,0.080444444,0.203777778,0.141951304,1320.595621,10.2859127,4.387835488,0.9675451,81.90842906,0.058914864,227.386977,1111.919358,0.768735793,103,0.702670848,362,0.286599682,0.919555556,16.97364517,0.024599486,0.049091108,0.619758454,1
H159,4.03,g4.5,707,1520.988636,48.33591166,7.09684396,0.967437926,0.084222222,0.120222222,0.192474817,1420.339402,10.53933373,4.706416796,0.964683378,83.92939175,0.032562074,235.6138619,1101.143027,0.83195237,87,0.749753756,379,0.214023059,0.915777778,30.71057445,0.043437871,0.133155271,0.601785321,1
H160,4.32,g4.5,591,1063.909091,44.31218561,6.890591945,0.967926321,0.064222222,0.128222222,0.199410077,1067.287807,8.810107831,4.592020734,0.972317264,70.13929339,0.032073679,181.9823911,855.5683062,0.833331311,87,0.74840678,289,0.206111283,0.935777778,31.17821313,0.052755014,0.045117962,0.616588832,1
H161,3.86,g4,497,995.9705882,39.60263473,6.105456947,0.942419753,0.058,0.166222222,0.136801302,1012.277066,7.408838565,4.07909743,0.980921884,58.96455851,0.057580247,142.7297701,743.7501259,0.771542634,67,0.681633068,261,0.269679844,0.942,17.3670669,0.034943797,0.043074274,0.666067963,1
H162,3.94,g4,405,630.0428571,34.04899018,5.856211318,0.93502884,0.039555556,0.174,0.140913114,683.3259663,6.037383539,3.928028222,0.984823413,48.02758395,0.06497116,107.8670931,554.8498229,0.756381053,69,0.676098054,178,0.280031991,0.960444444,15.39144433,0.038003566,0.089089813,0.664296296,1
H163,4.04,g4,366,565.5535714,30.07248806,5.781487757,0.934786765,0.033333333,0.196888889,0.14795858,564.3360241,5.456005865,3.885386983,0.986263873,43.39125778,0.065213235,94.14235718,479.0038038,0.755899463,55,0.678921036,150,0.277907479,0.966666667,15.33431069,0.041897024,0.051481378,0.662655738,1
H164,3.99,g4,371,595.3035714,32.07879753,5.863604193,0.941279605,0.035333333,0.171111111,0.154666238,616.8867143,5.530541464,3.941351327,0.986049535,43.98565857,0.058720395,95.8667988,489.7104179,0.769142789,55,0.68698477,159,0.264029368,0.964666667,17.02985818,0.045902583,0.02916919,0.658303684,1
H165,3.9,g4,356,658.8571429,31.30909633,6.018997267,0.953327407,0.035555556,0.172222222,0.179854419,612.0490307,5.306934667,4.052581718,0.986339718,42.20245619,0.046672593,90.72455931,458.6781644,0.795825054,41,0.710144711,160,0.234538668,0.964444444,21.42585069,0.060184974,0.023680422,0.657061174,1
H166,3.8,g4,393,721.7755102,33.28588158,5.957356065,0.943172049,0.04,0.169555556,0.15595903,684.0966026,5.858498101,4.000547083,0.985005528,46.60102205,0.056827951,103.5771861,524.8207261,0.77313914,48,0.691238059,180,0.26113076,0.96,17.59697454,0.044776017,0.02920981,0.658417303,1
H167,3.8,g4,357,550.5294118,30.96605245,6.116492273,0.94966242,0.031333333,0.188444444,0.192084641,561.1598329,5.321841786,4.116808768,0.985138621,42.32133635,0.05033758,91.06447223,447.3641442,0.787377145,50,0.721303157,141,0.243632058,0.968666667,19.86587347,0.055646704,0.035801723,0.63290943,1
H168,3.94,g4,430,778.2678571,37.01679607,6.276752686,0.953427062,0.044,0.170888889,0.178400368,750.1519016,6.410061535,4.210218963,0.982342118,50.99958791,0.046572938,116.9951126,574.9860776,0.79605931,55,0.717491349,198,0.238546259,0.956,21.47169659,0.049934178,0.031026126,0.642630491,1
H169,3.86,g4,458,940.6428571,37.68460099,6.270525662,0.956075951,0.051777778,0.149555556,0.166739222,915.183066,6.827460891,4.201756868,0.982096585,54.32823234,0.043924049,127.5243976,651.8266901,0.802380531,55,0.709399377,233,0.233267313,0.948222222,22.76657125,0.049708671,0.054415853,0.661577875,1
H170,3.82,g4,942,1771.62069,62.25616595,8.196421988,0.988864691,0.109111111,0.061333333,0.310667769,1783.500067,14.0425069,5.401684386,0.940240134,111.866229,0.011135309,363.0072478,1522.26754,0.90801187,144,0.829632362,491,0.133419566,0.890888889,89.80442592,0.095333785,0.066441517,0.538696391,1
H171,3.93,g4,633,1254.611111,47.0704024,6.79609951,0.963337778,0.074444444,0.125333333,0.174255718,1275.031081,9.436206865,4.519625496,0.971305395,75.13226004,0.036662222,200.7279337,992.0801364,0.820761372,89,0.730287391,335,0.222754388,0.925555556,27.27603346,0.0430901,0.063335346,0.632240126,1
H172,3.71,g4,582,1216.48,44.01946194,6.591331803,0.955292049,0.068666667,0.175333333,0.164242279,1155.181641,8.675943753,4.39129424,0.974856751,69.06937197,0.044707951,178.0633162,886.9216475,0.80049046,74,0.71762888,309,0.242784757,0.931333333,22.36738625,0.038431935,0.071308437,0.640054983,1
H173,3.71,g4,458,825.6901408,37.67374484,6.020126787,0.935886617,0.050888889,0.223111111,0.139822998,877.7120792,6.827460891,4.029592797,0.982819128,54.32823234,0.064113383,127.5243976,662.4083175,0.758094804,70,0.681071161,229,0.281823398,0.949111111,15.59736763,0.034055388,0.042416881,0.669934013,1
H174,3.91,g4,407,742.2631579,35.9958537,5.884754052,0.940301235,0.043555556,0.175777778,0.143069936,762.8969084,6.067197779,3.94869003,0.985148991,48.26534427,0.059698765,108.5878525,565.7697163,0.767101973,56,0.678836328,196,0.268560471,0.956444444,16.75076516,0.041156671,0.045957498,0.671321867,1
H175,3.89,g4,370,593.8888889,30.34759563,6.046297292,0.952923457,0.034666667,0.136444444,0.176387868,611.0391528,5.515634344,4.066648221,0.985410293,43.86677841,0.047076543,95.52108227,476.8872284,0.794878046,53,0.708712571,156,0.236349619,0.965333333,21.24200147,0.057410815,0.031491779,0.645093093,1
H176,3.71,g4,349,550.1276596,30.18259672,5.961488143,0.948929383,0.030666667,0.178666667,0.176190117,524.8345801,5.202584828,4.01330917,0.986408622,41.37029508,0.051070617,88.35679955,444.656668,0.785724803,46,0.705745165,138,0.244926817,0.969333333,19.58073063,0.056105245,0.080263782,0.656336199,1
H177,3.95,g4,366,628.8571429,31.72545576,5.785139253,0.937468049,0.035777778,0.167111111,0.148340484,618.8351008,5.456005865,3.888707085,0.986443245,43.39125778,0.062531951,94.14235718,480.1039367,0.761284669,48,0.679349832,161,0.272134343,0.964222222,15.99182482,0.04369351,0.032089406,0.659857923,1
H178,3.93,g4,417,716.4727273,34.59568861,6.501273963,0.968841877,0.040444444,0.111777778,0.215359681,688.378773,6.216268977,4.367107582,0.981944809,49.45414585,0.031158123,112.2163887,541.8679035,0.835944893,54,0.746937728,182,0.19449436,0.959555556,32.094359,0.07696489,0.044671955,0.631709033,1
H179,3.82,g4,404,959.6578947,33.64340845,6.154651439,0.957456593,0.045777778,0.124222222,0.174297194,823.4471967,6.022476419,4.135232788,0.984489437,47.90870379,0.042543407,107.5073319,546.6655612,0.805750892,37,0.710845589,206,0.22654656,0.954222222,23.5054045,0.058181694,0.075477337,0.657806381,1
H180,3.89,g4,450,920.5090909,35.38741251,6.068466064,0.94769284,0.050666667,0.145777778,0.147239365,845.5137338,6.708203932,4.064776107,0.983048978,53.37719107,0.05230716,124.4830347,643.2417319,0.782964153,54,0.688520163,228,0.254053336,0.949333333,19.11784143,0.042484092,0.058370167,0.668888889,1
